{
  "timestamp": "2026-04-11T09:09:00.341129",
  "input_file": "default_dataset.csv",
  "data_shape": {
    "total_samples": 5432,
    "num_features": 8,
    "anomalies_detected": 1267,
    "normal_samples": 8733,
    "anomaly_rate": 23.324742268041238
  },
  "anomaly_data": {
    "anomaly_indices": [
      1,
      2,
      17,
      28,
      30,
      31,
      32,
      38,
      66,
      70,
      73,
      83,
      101,
      104,
      114,
      123,
      137,
      163,
      164,
      165,
      184,
      190,
      193,
      194,
      195,
      199,
      217,
      222,
      226,
      233,
      238,
      251,
      261,
      281,
      285,
      295,
      302,
      330,
      331,
      333,
      341,
      343,
      352,
      353,
      364,
      365,
      366,
      371,
      382,
      391,
      405,
      415,
      422,
      423,
      425,
      426,
      430,
      483,
      488,
      493,
      499,
      519,
      531,
      542,
      545,
      546,
      559,
      560,
      572,
      574,
      576,
      593,
      626,
      629,
      632,
      647,
      648,
      664,
      665,
      666,
      673,
      675,
      680,
      686,
      692,
      695,
      715,
      732,
      743,
      756,
      758,
      760,
      761,
      780,
      788,
      812,
      818,
      822,
      838,
      840,
      849,
      850,
      854,
      870,
      873,
      905,
      913,
      917,
      919,
      925,
      926,
      927,
      936,
      944,
      948,
      953,
      964,
      968,
      970,
      973,
      980,
      983,
      984,
      990,
      993,
      994,
      1002,
      1006,
      1028,
      1032,
      1035,
      1045,
      1049,
      1050,
      1072,
      1085,
      1088,
      1089,
      1112,
      1114,
      1118,
      1125,
      1132,
      1140,
      1142,
      1157,
      1159,
      1163,
      1174,
      1176,
      1181,
      1210,
      1214,
      1223,
      1266,
      1270,
      1274,
      1290,
      1295,
      1312,
      1317,
      1318,
      1336,
      1349,
      1353,
      1375,
      1381,
      1382,
      1396,
      1408,
      1429,
      1431,
      1433,
      1447,
      1448,
      1453,
      1455,
      1464,
      1500,
      1506,
      1515,
      1520,
      1522,
      1530,
      1538,
      1553,
      1555,
      1561,
      1573,
      1583,
      1585,
      1586,
      1608,
      1611,
      1627,
      1631,
      1633,
      1642,
      1643,
      1674,
      1676,
      1685,
      1687,
      1694,
      1698,
      1706,
      1736,
      1747,
      1755,
      1768,
      1789,
      1791,
      1796,
      1799,
      1801,
      1803,
      1805,
      1819,
      1833,
      1837,
      1841,
      1850,
      1851,
      1857,
      1866,
      1880,
      1891,
      1903,
      1905,
      1915,
      1918,
      1920,
      1930,
      1943,
      1949,
      1974,
      1979,
      1983,
      1986,
      1990,
      2004,
      2020,
      2023,
      2025,
      2032,
      2033,
      2043,
      2058,
      2061,
      2067,
      2070,
      2078,
      2089,
      2090,
      2105,
      2112,
      2126,
      2130,
      2159,
      2161,
      2163,
      2202,
      2208,
      2229,
      2241,
      2249,
      2250,
      2253,
      2271,
      2283,
      2284,
      2309,
      2325,
      2334,
      2338,
      2345,
      2349,
      2351,
      2354,
      2355,
      2360,
      2364,
      2365,
      2383,
      2395,
      2426,
      2427,
      2433,
      2439,
      2454,
      2475,
      2476,
      2480,
      2483,
      2493,
      2519,
      2527,
      2538,
      2542,
      2549,
      2558,
      2560,
      2584,
      2594,
      2598,
      2600,
      2604,
      2623,
      2633,
      2636,
      2642,
      2646,
      2647,
      2659,
      2664,
      2665,
      2669,
      2674,
      2680,
      2681,
      2692,
      2712,
      2717,
      2719,
      2736,
      2745,
      2748,
      2757,
      2758,
      2768,
      2770,
      2773,
      2774,
      2775,
      2797,
      2798,
      2804,
      2811,
      2815,
      2823,
      2833,
      2835,
      2845,
      2846,
      2848,
      2850,
      2851,
      2852,
      2854,
      2857,
      2860,
      2867,
      2870,
      2873,
      2879,
      2882,
      2888,
      2891,
      2894,
      2900,
      2907,
      2910,
      2917,
      2930,
      2932,
      2934,
      2941,
      2951,
      2970,
      2971,
      2973,
      2979,
      2984,
      2985,
      2988,
      2991,
      2993,
      2994,
      2995,
      3000,
      3017,
      3018,
      3019,
      3023,
      3035,
      3047,
      3073,
      3084,
      3096,
      3106,
      3109,
      3141,
      3142,
      3144,
      3164,
      3172,
      3182,
      3184,
      3189,
      3196,
      3203,
      3210,
      3213,
      3224,
      3229,
      3241,
      3247,
      3257,
      3267,
      3277,
      3296,
      3301,
      3307,
      3318,
      3332,
      3340,
      3344,
      3355,
      3366,
      3372,
      3379,
      3393,
      3397,
      3402,
      3409,
      3410,
      3419,
      3421,
      3423,
      3428,
      3435,
      3449,
      3451,
      3455,
      3465,
      3467,
      3479,
      3494,
      3496,
      3502,
      3504,
      3510,
      3511,
      3519,
      3520,
      3532,
      3545,
      3553,
      3562,
      3563,
      3575,
      3577,
      3582,
      3583,
      3587,
      3590,
      3591,
      3594,
      3605,
      3613,
      3623,
      3633,
      3650,
      3656,
      3667,
      3672,
      3675,
      3676,
      3689,
      3691,
      3704,
      3706,
      3708,
      3720,
      3740,
      3745,
      3754,
      3756,
      3776,
      3777,
      3786,
      3804,
      3809,
      3814,
      3815,
      3821,
      3832,
      3833,
      3839,
      3850,
      3851,
      3853,
      3854,
      3884,
      3907,
      3908,
      3934,
      3940,
      3944,
      3948,
      3949,
      3958,
      3970,
      3982,
      3986,
      3994,
      3998,
      4000,
      4005,
      4019,
      4039,
      4041,
      4044,
      4046,
      4061,
      4091,
      4096,
      4102,
      4103,
      4120,
      4131,
      4146,
      4159,
      4160,
      4164,
      4166,
      4176,
      4180,
      4184,
      4194,
      4195,
      4197,
      4204,
      4224,
      4249,
      4254,
      4261,
      4262,
      4271,
      4298,
      4300,
      4308,
      4309,
      4316,
      4318,
      4333,
      4339,
      4361,
      4365,
      4367,
      4371,
      4375,
      4376,
      4377,
      4379,
      4381,
      4405,
      4443,
      4447,
      4463,
      4468,
      4480,
      4488,
      4492,
      4504,
      4516,
      4518,
      4525,
      4529,
      4541,
      4547,
      4561,
      4572,
      4573,
      4574,
      4586,
      4587,
      4608,
      4610,
      4627,
      4628,
      4645,
      4654,
      4669,
      4674,
      4678,
      4718,
      4732,
      4740,
      4750,
      4752,
      4763,
      4771,
      4773,
      4778,
      4802,
      4806,
      4814,
      4851,
      4855,
      4860,
      4889,
      4892,
      4895,
      4902,
      4909,
      4923,
      4926,
      4928,
      4932,
      4934,
      4941,
      4942,
      4956,
      4992,
      5020,
      5023,
      5040,
      5043,
      5054,
      5056,
      5062,
      5064,
      5068,
      5071,
      5075,
      5085,
      5087,
      5088,
      5104,
      5116,
      5121,
      5123,
      5124,
      5131,
      5135,
      5146,
      5147,
      5156,
      5170,
      5181,
      5184,
      5188,
      5195,
      5199,
      5205,
      5218,
      5246,
      5253,
      5264,
      5269,
      5292,
      5311,
