,Accuracy,Precision,Recall,F1-Score,Specificity,Fallout
Z-Score,0.9500651324359531,1.0,0.3817204301075269,0.5525291828793775,1.0,0.0
Isolation Forest,0.9995657837603127,1.0,0.9946236559139785,0.9973045822102425,1.0,0.0
GRU Autoencoder,0.6244029526704299,0.11464245175936436,0.543010752688172,0.1893158388003749,0.6315540859707133,0.3684459140292867
