Metric,Mean,Median,Std_Dev,Min,Max
F1-Score,0.08795342484168571,0.0,0.1277604709876558,0.0,0.5
Recall,0.35932721712538224,0.0,0.47203892870973463,0.0,1.0
Precision,0.051830330729413294,0.0,0.07807456108274939,0.0,0.3333333333333333
