Metric,Original_Model,Enhanced_Model
Mean Precision,0.14220581849761182,0.14220581849761182
Median Precision,0.0,0.0
Max Precision,1.0,1.0
Min Precision,0.0,0.0
Std Dev,0.3438139827147796,0.3438139827147796
