Model,Precision,Recall,F1-Score,TP,FP,FN,TN,Anomalies_Detected
Z-Score,0.37780227857405363,0.8139350752177356,0.5160642570281124,1028,1693,235,7015,2721
Isolation Forest,1.0,0.5534441805225653,0.7125382262996942,699,0,564,8708,699
LSTM Autoencoder,0.1481782693558881,0.721298495645289,0.24585076238024559,911,5237,352,3471,6148
