Model,Precision,Recall,F1-Score,Anomalies
Z-Score (Original),1.0,1.0,1.0,71
Isolation Forest (Original),0.3783783783783784,0.9859154929577465,0.546875,185
Z-Score (Optimized),0.762589928057554,1.0,0.8653061224489796,139
Isolation Forest (Optimized),0.9043478260869565,0.9811320754716981,0.9411764705882353,115
